<?xml version="1.0" encoding="UTF-8"?>
<project-private xmlns="http://www.netbeans.org/ns/project-private/1">
    <editor-bookmarks xmlns="http://www.netbeans.org/ns/editor-bookmarks/2" lastBookmarkId="0"/>
    <open-files xmlns="http://www.netbeans.org/ns/projectui-open-files/2">
        <group>
            <file>file:/C:/Users/Jaqueline%20Lopes/Documents/NetBeansProjects/ProjetoIntegrador/src/projeto/integrador/view/Inicial.java</file>
            <file>file:/C:/Users/Jaqueline%20Lopes/Documents/NetBeansProjects/ProjetoIntegrador/src/projeto/integrador/view/VisualizarReserva.java</file>
            <file>file:/C:/Users/Jaqueline%20Lopes/Documents/NetBeansProjects/ProjetoIntegrador/src/projeto/integrador/view/RealizarReserva.java</file>
            <file>file:/C:/Users/Jaqueline%20Lopes/Documents/NetBeansProjects/ProjetoIntegrador/src/projeto/integrador/view/Cadastro.java</file>
        </group>
    </open-files>
</project-private>
